season,PLAYER_ID,Jersey
2012,255,0
2012,467,0
2012,703,0
2012,708,0
2013,708,1
2014,708,0
2015,708,0
2012,711,0
2012,739,0
2012,948,0
2012,951,1
2013,951,0
2012,959,0
2013,959,1
2014,959,0
2012,965,0
2013,965,0
2012,977,1
2013,977,1
2014,977,1
2015,977,1
2012,979,0
2013,979,0
2012,1495,0
2013,1495,0
2014,1495,1
2015,1495,1
2012,1497,0
2013,1497,0
2012,1536,0
2013,1536,0
2012,1712,0
2013,1712,0
2012,1713,0
2013,1713,0
2014,1713,0
2015,1713,0
2016,1713,0
2017,1713,0
2018,1713,0
2019,1713,0
2012,1717,1
2013,1717,0
2014,1717,0
2015,1717,1
2016,1717,0
2017,1717,0
2018,1717,0
2012,1718,1
2013,1718,0
2014,1718,0
2015,1718,0
2016,1718,0
2013,1733,0
2012,1737,0
2013,1737,0
2014,1737,0
2012,1740,0
2013,1740,0
2012,1853,0
2012,1882,0
2013,1882,0
2014,1882,0
2012,1885,0
2012,1888,0
2012,1889,0
2013,1889,0
2014,1889,0
2015,1889,0
2012,1890,0
2013,1890,0
2014,1890,0
2012,1891,0
2013,1891,0
2014,1891,0
2015,1891,0
2016,1891,0
2017,1891,0
2012,1894,0
2013,1894,0
2012,1897,0
2013,1897,0
2015,1897,0
2016,1897,0
2012,1905,0
2013,1905,0
2014,1905,0
2012,1938,0
2013,1938,0
2014,1938,0
2015,1938,0
2016,1938,0
2017,1938,0
2013,2030,0
2014,2030,0
2012,2034,0
2013,2034,0
2014,2034,0
2015,2034,0
2016,2034,0
2012,2037,0
2013,2037,0
2014,2037,0
2015,2037,0
2016,2037,0
2017,2037,0
2018,2037,0
2012,2038,0
2012,2045,0
2013,2045,0
2014,2045,0
2012,2047,0
2012,2052,0
2012,2060,0
2013,2060,0
2012,2109,0
2012,2198,0
2012,2199,0
2013,2199,0
2014,2199,0
2015,2199,0
2016,2199,0
2017,2199,0
2018,2199,0
2019,2199,0
2012,2200,0
2013,2200,0
2014,2200,0
2015,2200,0
2016,2200,0
2017,2200,0
2018,2200,0
2012,2201,0
2012,2202,0
2012,2203,0
2013,2203,0
2012,2205,0
2013,2205,0
2012,2207,0
2013,2207,1
2014,2207,0
2015,2207,0
2016,2207,0
2017,2207,0
2019,2207,0
2012,2209,0
2012,2210,0
2013,2210,0
2014,2210,0
2015,2210,0
2016,2210,0
2017,2210,0
2012,2211,0
2012,2215,0
2012,2216,0
2013,2216,0
2014,2216,0
2015,2216,0
2016,2216,0
2017,2216,0
2012,2217,0
2014,2217,0
2012,2222,0
2013,2222,0
2014,2222,0
2012,2223,0
2013,2223,0
2014,2223,0
2015,2223,0
2012,2224,0
2013,2224,0
2012,2225,0
2013,2225,0
2014,2225,0
2015,2225,0
2016,2225,0
2017,2225,0
2018,2225,0
2012,2229,0
2013,2229,0
2012,2248,0
2013,2248,0
2012,2365,0
2013,2365,0
2014,2365,0
2015,2365,0
2016,2365,0
2012,2399,0
2013,2399,0
2014,2399,0
2016,2399,0
2012,2400,0
2014,2400,0
2015,2400,0
2012,2403,0
2013,2403,0
2014,2403,0
2015,2403,0
2016,2403,0
2017,2403,0
2018,2403,0
2012,2404,0
2012,2405,1
2013,2405,0
2014,2405,0
2015,2405,0
2012,2406,0
2013,2406,0
2014,2406,0
2015,2406,0
2012,2407,0
2013,2408,0
2012,2419,0
2013,2419,0
2014,2419,0
2015,2419,0
2012,2422,0
2013,2422,0
2014,2422,0
2012,2427,0
2013,2427,0
2013,2429,0
2012,2430,0
2013,2430,0
2014,2430,0
2012,2436,0
2012,2440,0
2013,2440,0
2014,2440,0
2015,2440,0
2016,2440,0
2013,2446,0
2014,2446,0
2015,2446,0
2016,2446,0
2012,2449,0
2013,2449,0
2014,2449,0
2015,2449,0
2016,2449,0
2012,2457,0
2013,2457,0
2014,2457,0
2012,2501,0
2013,2501,0
2014,2501,0
2012,2544,1
2013,2544,1
2014,2544,1
2015,2544,1
2016,2544,1
2017,2544,1
2018,2544,1
2019,2544,1
2020,2544,1
2012,2545,0
2012,2546,1
2013,2546,1
2014,2546,1
2015,2546,1
2016,2546,0
2017,2546,0
2018,2546,0
2019,2546,0
2020,2546,0
2012,2547,0
2013,2547,0
2014,2547,0
2015,2547,0
2012,2548,1
2013,2548,1
2014,2548,1
2015,2548,1
2016,2548,1
2017,2548,1
2018,2548,0
2012,2549,0
2013,2549,0
2014,2549,0
2015,2549,0
2012,2550,0
2013,2550,0
2014,2550,0
2015,2550,0
2012,2554,0
2012,2555,0
2013,2555,0
2014,2555,0
2015,2555,0
2016,2555,0
2017,2555,0
2012,2557,0
2013,2557,0
2014,2557,0
2012,2561,0
2013,2561,0
2014,2561,0
2015,2561,0
2016,2561,0
2017,2561,0
2012,2562,0
2012,2563,0
2014,2563,0
2015,2563,0
2016,2563,0
2012,2564,0
2013,2564,0
2014,2564,0
2015,2564,0
2016,2564,0
2012,2566,0
2013,2566,0
2014,2566,0
2012,2567,0
2013,2567,0
2014,2567,0
2012,2568,0
2012,2570,0
2013,2570,0
2014,2570,0
2015,2570,0
2017,2570,0
2012,2571,0
2013,2571,0
2014,2571,0
2015,2571,0
2016,2571,0
2012,2572,0
2014,2574,0
2012,2575,0
2012,2581,0
2013,2581,0
2014,2581,0
2015,2581,0
2012,2584,0
2013,2584,0
2014,2584,0
2012,2585,0
2013,2585,0
2014,2585,0
2015,2585,0
2016,2585,0
2017,2585,0
2018,2585,0
2012,2586,0
2013,2586,0
2012,2588,0
2013,2588,0
2014,2588,0
2015,2588,0
2012,2590,0
2013,2590,0
2014,2590,0
2015,2590,0
2012,2592,0
2013,2592,0
2014,2592,0
2015,2592,0
2016,2592,0
2012,2594,0
2013,2594,0
2014,2594,0
2015,2594,0
2016,2594,0
2017,2594,0
2018,2594,0
2019,2594,0
2020,2594,0
2012,2605,0
2012,2617,0
2013,2617,0
2014,2617,0
2015,2617,0
2016,2617,0
2017,2617,0
2018,2617,0
2019,2617,0
2012,2648,0
2012,2679,0
2012,2694,0
2013,2694,0
2014,2694,0
2015,2694,0
2012,2730,1
2013,2730,1
2014,2730,0
2015,2730,0
2016,2730,0
2017,2730,0
2018,2730,0
2019,2730,0
2020,2730,0
2012,2731,0
2017,2731,0
2018,2731,0
2012,2732,0
2013,2732,0
2014,2732,0
2015,2732,0
2012,2733,0
2013,2733,0
2014,2733,0
2015,2733,0
2016,2733,0
2017,2733,0
2018,2733,0
2012,2734,0
2013,2734,0
2014,2734,0
2015,2734,0
2016,2734,0
2017,2734,0
2018,2734,0
2012,2735,0
2013,2735,0
2017,2735,0
2012,2736,0
2013,2736,0
2014,2736,0
2015,2736,0
2016,2736,0
2017,2736,0
2018,2736,0
2012,2738,0
2013,2738,0
2014,2738,0
2015,2738,0
2016,2738,1
2017,2738,0
2018,2738,0
2020,2738,0
2012,2740,0
2013,2740,0
2012,2742,0
2014,2742,0
2012,2743,0
2013,2743,0
2014,2743,0
2015,2743,0
2016,2743,0
2017,2743,0
2012,2744,0
2013,2744,0
2014,2744,0
2015,2744,0
2016,2744,0
2017,2744,0
2012,2746,0
2013,2746,0
2014,2746,0
2015,2746,0
2017,2746,0
2012,2747,0
2013,2747,0
2014,2747,0
2015,2747,0
2016,2747,0
2017,2747,0
2018,2747,0
2020,2747,0
2012,2748,0
2013,2748,0
2014,2748,0
2016,2748,0
2012,2749,0
2013,2749,0
2014,2749,0
2015,2749,0
2016,2749,0
2017,2749,0
2012,2753,0
2012,2754,0
2013,2754,0
2014,2754,0
2015,2754,0
2016,2754,0
2017,2754,0
2012,2755,0
2013,2755,0
2014,2755,0
2015,2755,0
2015,2756,0
2016,2756,0
2012,2757,0
2013,2757,0
2014,2757,0
2015,2757,0
2016,2757,0
2012,2760,0
2013,2760,0
2014,2760,0
2015,2760,0
2016,2760,0
2012,2765,0
2012,2767,0
2013,2767,0
2012,2768,0
2012,2772,0
2013,2772,0
2014,2772,0
2015,2772,0
2016,2772,0
2017,2772,0
2018,2772,0
2019,2772,0
2014,2788,0
2012,2853,0
2014,2853,0
2015,2853,0
2013,2857,0
2012,2863,0
2013,2863,0
2015,2863,0
2017,2863,0
2012,101106,0
2013,101106,0
2014,101106,0
2015,101106,0
2016,101106,0
2017,101106,0
2012,101107,0
2013,101107,0
2014,101107,0
2015,101107,0
2016,101107,0
2017,101107,0
2018,101107,0
2019,101107,0
2020,101107,0
2012,101108,1
2013,101108,1
2014,101108,1
2015,101108,1
2016,101108,0
2017,101108,0
2018,101108,0
2019,101108,0
2020,101108,0
2012,101109,0
2013,101109,0
2014,101109,0
2015,101109,0
2016,101109,0
2017,101109,0
2018,101109,0
2012,101110,0
2013,101110,0
2014,101110,0
2012,101111,0
2013,101111,0
2014,101111,0
2015,101111,0
2013,101112,0
2014,101112,0
2015,101112,0
2016,101112,0
2017,101112,0
2018,101112,0
2012,101113,0
2013,101113,0
2012,101114,0
2013,101114,1
2014,101114,0
2015,101114,0
2016,101114,0
2013,101115,0
2012,101122,0
2013,101122,0
2014,101122,0
2012,101123,0
2013,101123,0
2014,101123,0
2015,101123,0
2016,101123,0
2017,101123,0
2018,101123,0
2019,101123,0
2020,101123,0
2012,101124,0
2012,101126,0
2013,101126,0
2014,101126,0
2015,101126,0
2012,101127,0
2013,101127,0
2014,101127,0
2015,101127,0
2017,101127,0
2018,101127,0
2012,101128,0
2013,101128,0
2014,101128,0
2012,101130,0
2012,101131,0
2013,101131,0
2014,101131,0
2012,101132,0
2012,101133,0
2013,101133,0
2014,101133,0
2015,101133,0
2016,101133,0
2017,101133,0
2018,101133,0
2019,101133,0
2012,101135,0
2013,101135,0
2014,101135,0
2015,101135,0
2016,101135,0
2012,101138,0
2013,101138,0
2014,101138,0
2015,101138,0
2016,101138,0
2012,101139,0
2013,101139,0
2014,101139,0
2015,101139,0
2016,101139,0
2017,101139,0
2018,101139,0
2019,101139,0
2012,101141,0
2013,101141,0
2014,101141,0
2015,101141,0
2016,101141,0
2017,101141,0
2018,101141,0
2019,101141,0
2012,101142,0
2013,101142,0
2014,101142,0
2012,101145,0
2013,101145,0
2014,101145,0
2015,101145,0
2016,101145,0
2012,101150,0
2013,101150,0
2014,101150,0
2015,101150,0
2016,101150,0
2017,101150,0
2018,101150,0
2019,101150,0
2020,101150,0
2012,101153,0
2012,101154,0
2013,101154,0
2013,101155,0
2012,101158,0
2012,101161,0
2013,101161,0
2014,101161,0
2015,101161,0
2016,101161,0
2017,101161,0
2018,101161,0
2012,101162,0
2013,101162,0
2014,101162,0
2015,101162,0
2016,101162,0
2017,101162,0
2018,101162,0
2012,101179,0
2013,101179,0
2014,101179,0
2015,101179,0
2016,101179,0
2012,101181,0
2013,101181,0
2014,101181,0
2015,101181,0
2016,101181,0
2017,101181,0
2018,101181,0
2012,101183,0
2014,101183,0
2012,101187,0
2013,101187,0
2014,101187,0
2016,101187,0
2012,101198,0
2013,101198,0
2016,101198,0
2013,101204,0
2013,101211,0
2012,101215,0
2013,101217,0
2012,101235,0
2012,101236,0
2013,101236,0
2014,101236,0
2015,101236,0
2012,101249,0
2013,101249,0
2014,101249,0
2015,101249,0
2016,101249,0
2017,162777,0
2012,200745,0
2013,200745,0
2014,200745,0
2015,200745,0
2012,200746,0
2013,200746,0
2014,200746,0
2015,200746,0
2016,200746,0
2017,200746,0
2018,200746,0
2019,200746,0
2020,200746,0
2012,200747,0
2012,200748,0
2014,200748,0
2012,200750,0
2012,200751,0
2013,200751,0
2014,200751,0
2015,200751,0
2016,200751,0
2012,200752,0
2013,200752,0
2014,200752,0
2015,200752,0
2016,200752,0
2017,200752,0
2018,200752,0
2019,200752,0
2020,200752,0
2013,200753,0
2012,200755,0
2013,200755,0
2014,200755,0
2015,200755,0
2016,200755,0
2017,200755,0
2018,200755,0
2019,200755,0
2020,200755,0
2013,200756,0
2012,200757,0
2013,200757,0
2014,200757,0
2015,200757,0
2016,200757,0
2017,200757,0
2018,200757,0
2019,200757,0
2012,200758,0
2013,200758,0
2012,200760,0
2013,200761,0
2014,200761,0
2015,200762,0
2013,200764,0
2012,200765,1
2013,200765,1
2014,200765,1
2015,200765,0
2016,200765,0
2017,200765,0
2018,200765,0
2019,200765,0
2020,200765,0
2017,200766,0
2012,200768,0
2013,200768,0
2014,200768,0
2015,200768,0
2016,200768,0
2017,200768,0
2018,200768,0
2019,200768,0
2020,200768,0
2012,200769,0
2013,200769,0
2014,200769,0
2013,200770,0
2014,200770,0
2016,200770,0
2016,200771,0
2012,200777,0
2013,200777,0
2014,200777,0
2012,200778,0
2012,200779,0
2013,200779,0
2014,200779,0
2015,200779,0
2016,200779,0
2012,200780,0
2013,200780,0
2014,200780,0
2012,200782,0
2013,200782,0
2014,200782,0
2015,200782,0
2016,200782,0
2017,200782,0
2018,200782,0
2019,200782,0
2020,200782,0
2012,200789,0
2012,200794,0
2013,200794,0
2014,200794,0
2015,200794,0
2016,200794,0
2017,200794,0
2018,200794,0
2019,200794,0
2020,200794,0
2012,200797,0
2013,200797,0
2014,200797,0
2015,200797,0
2012,200809,0
2012,200811,0
2013,200811,0
2014,200811,0
2015,200811,0
2016,200811,0
2012,200814,0
2015,200821,0
2013,200822,0
2012,200826,0
2013,200826,0
2014,200826,0
2015,200826,0
2016,200826,0
2017,200826,0
2018,200826,0
2019,200826,0
2012,200839,0
2013,200839,0
2012,200894,0
2012,201041,0
2013,201141,0
2012,201142,1
2013,201142,1
2014,201142,1
2015,201142,1
2016,201142,1
2017,201142,1
2018,201142,1
2020,201142,1
2012,201143,0
2013,201143,0
2014,201143,0
2015,201143,0
2016,201143,0
2017,201143,0
2018,201143,0
2019,201143,0
2020,201143,0
2012,201144,0
2013,201144,0
2014,201144,0
2015,201144,0
2016,201144,0
2017,201144,0
2018,201144,0
2019,201144,0
2020,201144,0
2012,201145,0
2013,201145,0
2014,201145,0
2015,201145,0
2016,201145,0
2017,201145,0
2018,201145,0
2019,201145,0
2020,201145,0
2016,201146,0
2012,201147,0
2013,201147,0
2014,201147,0
2015,201147,0
2016,201147,0
2017,201147,0
2018,201147,0
2012,201148,0
2013,201148,0
2014,201148,0
2015,201148,0
2016,201148,0
2017,201148,0
2012,201149,0
2013,201149,0
2014,201149,0
2015,201149,0
2016,201149,0
2017,201149,0
2018,201149,0
2020,201149,0
2012,201150,0
2013,201150,0
2014,201150,0
2015,201150,0
2016,201150,0
2012,201152,0
2013,201152,0
2014,201152,0
2015,201152,0
2016,201152,0
2017,201152,0
2018,201152,0
2019,201152,0
2020,201152,0
2012,201155,0
2013,201155,0
2014,201155,0
2015,201155,0
2016,201155,0
2012,201156,0
2013,201156,0
2014,201156,0
2015,201156,0
2016,201156,0
2017,201156,0
2018,201156,0
2012,201158,0
2013,201158,0
2014,201158,0
2015,201158,0
2016,201158,0
2017,201158,0
2018,201158,0
2019,201158,0
2012,201160,0
2013,201160,0
2014,201160,0
2015,201160,0
2016,201160,0
2017,201160,0
2018,201160,0
2012,201161,0
2012,201162,0
2013,201162,0
2014,201162,0
2015,201162,0
2016,201162,0
2017,201162,0
2018,201162,0
2019,201162,0
2020,201162,0
2012,201163,0
2013,201163,0
2014,201163,0
2015,201163,0
2016,201163,0
2017,201163,0
2018,201163,0
2019,201163,0
2012,201166,0
2013,201166,0
2014,201166,0
2015,201166,0
2016,201166,0
2017,201166,0
2012,201167,0
2013,201167,0
2014,201167,0
2015,201167,0
2016,201167,0
2017,201167,0
2012,201168,0
2013,201168,0
2014,201168,0
2015,201168,0
2012,201169,0
2012,201171,0
2013,201171,0
2014,201171,0
2015,201171,0
2014,201173,0
2012,201175,0
2013,201175,0
2014,201175,0
2012,201177,0
2013,201177,0
2014,201177,0
2015,201177,0
2016,201177,0
2017,201177,0
2012,201178,0
2014,201178,0
2012,201187,0
2013,201187,0
2012,201188,0
2013,201188,0
2014,201188,0
2015,201188,0
2016,201188,0
2017,201188,0
2018,201188,0
2019,201188,0
2020,201188,0
2012,201189,0
2013,201189,0
2012,201196,0
2013,201196,0
2014,201196,0
2015,201196,0
2016,201196,0
2017,201196,0
2012,201202,0
2013,201202,0
2014,201202,0
2015,201202,0
2016,201202,0
2017,201202,0
2012,201207,0
2012,201228,0
2013,201228,0
2014,201228,0
2015,201228,0
2016,201228,0
2012,201229,0
2013,201229,0
2014,201229,0
2015,201229,0
2016,201229,0
2017,201229,0
2018,201229,0
2019,201229,0
2014,201234,0
2012,201274,0
2014,201274,0
2013,201286,0
2016,201286,0
2012,201291,0
2012,201336,0
2013,201351,0
2012,201563,0
2013,201563,0
2016,201563,0
2017,201563,0
2018,201563,0
2012,201564,0
2013,201564,0
2014,201564,0
2015,201564,0
2013,201565,1
2014,201565,1
2015,201565,1
2016,201565,1
2017,201565,1
2018,201565,0
2019,201565,0
2020,201565,0
2012,201566,0
2013,201566,1
2014,201566,1
2015,201566,1
2016,201566,1
2017,201566,1
2018,201566,1
2019,201566,1
2020,201566,1
2012,201567,0
2013,201567,0
2014,201567,0
2015,201567,0
2016,201567,0
2017,201567,0
2018,201567,0
2019,201567,0
2020,201567,0
2012,201568,0
2014,201568,0
2015,201568,0
2016,201568,0
2017,201568,0
2018,201568,0
2019,201568,0
2020,201568,0
2012,201569,0
2013,201569,0
2014,201569,0
2015,201569,0
2016,201569,0
2017,201569,0
2018,201569,0
2019,201569,0
2020,201569,0
2012,201571,0
2013,201571,0
2014,201571,0
2015,201571,0
2016,201571,0
2017,201571,0
2018,201571,0
2019,201571,0
2020,201571,0
2012,201572,0
2013,201572,0
2014,201572,0
2015,201572,0
2016,201572,0
2017,201572,0
2018,201572,0
2019,201572,0
2020,201572,0
2012,201573,0
2013,201573,0
2014,201573,0
2015,201573,0
2016,201573,0
2017,201573,0
2018,201573,0
2012,201574,0
2013,201574,0
2014,201574,0
2015,201574,0
2012,201575,0
2013,201575,0
2014,201575,0
2015,201575,0
2016,201575,0
2017,201575,0
2012,201576,0
2013,201576,0
2012,201577,0
2013,201577,0
2014,201577,0
2015,201577,0
2016,201577,0
2017,201577,0
2018,201577,0
2019,201577,0
2020,201577,0
2012,201578,0
2013,201578,0
2014,201578,0
2015,201578,0
2016,201578,0
2017,201578,0
2012,201579,0
2013,201579,0
2014,201579,0
2015,201579,0
2016,201579,0
2012,201580,0
2013,201580,0
2014,201580,0
2015,201580,0
2016,201580,0
2017,201580,0
2018,201580,0
2019,201580,0
2020,201580,0
2012,201581,0
2013,201581,0
2014,201581,0
2015,201581,0
2013,201582,0
2014,201582,0
2015,201582,0
2016,201582,0
2017,201582,0
2012,201583,0
2013,201583,0
2014,201583,0
2015,201583,0
2016,201583,0
2017,201583,0
2018,201583,0
2019,201583,0
2012,201584,0
2013,201584,0
2014,201584,0
2015,201584,0
2016,201584,0
2017,201584,0
2018,201584,0
2019,201584,0
2020,201584,0
2012,201585,0
2013,201585,0
2014,201585,0
2015,201585,0
2016,201585,0
2017,201585,0
2018,201585,0
2012,201586,0
2013,201586,0
2014,201586,0
2015,201586,0
2016,201586,0
2017,201586,0
2018,201586,0
2019,201586,0
2020,201586,0
2012,201587,0
2013,201587,0
2014,201587,0
2015,201587,0
2016,201587,0
2017,201587,0
2018,201587,0
2019,201587,0
2020,201587,0
2012,201588,0
2013,201588,0
2014,201588,0
2015,201588,0
2016,201588,0
2017,201588,0
2018,201588,0
2019,201588,0
2020,201588,0
2012,201589,0
2013,201589,0
2014,201589,0
2015,201589,0
2016,201589,0
2017,201589,0
2013,201591,0
2012,201593,0
2013,201593,0
2014,201593,0
2015,201593,0
2014,201595,0
2012,201596,0
2013,201596,0
2014,201596,0
2015,201596,0
2017,201596,0
2012,201599,0
2013,201599,0
2014,201599,0
2015,201599,0
2016,201599,0
2017,201599,0
2018,201599,0
2019,201599,0
2020,201599,0
2012,201600,0
2013,201600,0
2014,201600,0
2015,201600,0
2016,201600,0
2017,201600,0
2012,201601,0
2013,201601,0
2014,201601,0
2015,201601,0
2016,201601,0
2017,201601,0
2018,201601,0
2012,201602,0
2015,201603,0
2012,201604,0
2013,201604,0
2014,201604,0
2015,201604,0
2012,201609,0
2013,201609,0
2014,201609,0
2015,201609,0
2016,201609,0
2017,201609,0
2018,201609,0
2019,201609,0
2020,201609,0
2012,201610,0
2012,201616,0
2015,201619,0
2012,201627,0
2013,201627,0
2014,201627,0
2015,201627,0
2016,201627,0
2017,201627,0
2016,201628,0
2017,201628,0
2012,201632,0
2012,201633,0
2013,201635,0
2015,201645,0
2012,201651,0
2012,201785,0
2013,201785,0
2012,201814,0
2013,201814,0
2012,201821,0
2012,201858,0
2013,201858,0
2014,201858,0
2012,201880,0
2013,201880,0
2014,201880,0
2015,201880,0
2016,201880,0
2012,201933,1
2013,201933,1
2014,201933,1
2015,201933,1
2016,201933,0
2017,201933,0
2018,201933,0
2019,201933,0
2020,201933,0
2012,201934,0
2013,201934,0
2014,201934,0
2012,201935,0
2013,201935,0
2014,201935,1
2015,201935,0
2016,201935,0
2017,201935,1
2018,201935,1
2019,201935,1
2020,201935,0
2012,201936,0
2013,201936,0
2014,201936,0
2015,201936,0
2016,201936,0
2017,201936,0
2018,201936,0
2012,201937,0
2013,201937,0
2014,201937,0
2015,201937,0
2016,201937,0
2017,201937,0
2018,201937,0
2019,201937,0
2020,201937,0
2012,201938,0
2012,201939,0
2013,201939,0
2014,201939,1
2015,201939,1
2016,201939,1
2017,201939,1
2018,201939,1
2019,201939,1
2020,201939,1
2012,201941,0
2013,201941,0
2014,201941,0
2015,201941,0
2016,201941,0
2012,201942,0
2013,201942,0
2014,201942,0
2015,201942,0
2016,201942,0
2017,201942,0
2018,201942,0
2019,201942,0
2020,201942,0
2012,201943,0
2013,201943,0
2014,201943,0
2015,201943,0
2016,201943,0
2012,201944,0
2012,201945,0
2013,201945,0
2014,201945,0
2015,201945,0
2016,201945,0
2012,201946,0
2013,201946,0
2014,201946,0
2015,201946,0
2012,201947,0
2013,201947,0
2014,201947,0
2012,201948,0
2013,201948,0
2014,201948,0
2015,201948,0
2012,201949,0
2013,201949,0
2014,201949,0
2015,201949,0
2016,201949,0
2017,201949,0
2018,201949,0
2019,201949,0
2020,201949,0
2012,201950,0
2013,201950,0
2014,201950,0
2015,201950,0
2016,201950,0
2017,201950,0
2018,201950,0
2019,201950,0
2020,201950,0
2012,201951,0
2013,201951,0
2014,201951,0
2015,201951,0
2016,201951,0
2012,201952,0
2013,201952,0
2014,201952,0
2015,201952,0
2016,201952,0
2017,201952,0
2018,201952,0
2019,201952,0
2020,201952,0
2012,201953,0
2013,201953,0
2012,201954,0
2013,201954,0
2014,201954,0
2015,201954,0
2016,201954,0
2017,201954,0
2018,201954,0
2012,201956,0
2013,201956,0
2014,201956,0
2015,201956,0
2016,201956,0
2017,201956,0
2018,201956,0
2012,201957,0
2013,201957,0
2012,201958,0
2012,201959,0
2013,201959,0
2014,201959,0
2015,201959,0
2016,201959,0
2017,201959,0
2018,201959,0
2019,201959,0
2020,201959,0
2012,201960,0
2013,201960,0
2014,201960,0
2015,201960,0
2016,201960,0
2017,201960,0
2018,201960,0
2019,201960,0
2012,201961,0
2013,201961,0
2014,201961,0
2015,201961,0
2016,201961,0
2017,201961,0
2018,201961,0
2019,201961,0
2020,201961,0
2012,201962,0
2013,201962,0
2015,201962,0
2016,201962,0
2012,201964,0
2013,201964,0
2014,201964,0
2012,201965,0
2013,201965,0
2014,201965,0
2015,201965,0
2012,201966,0
2013,201966,0
2012,201967,0
2013,201967,0
2014,201967,0
2015,201967,0
2016,201967,0
2017,201967,0
2018,201967,0
2012,201969,0
2015,201969,0
2012,201970,0
2012,201971,0
2013,201971,0
2014,201971,0
2015,201971,0
2012,201973,0
2013,201973,0
2014,201973,0
2015,201973,0
2016,201973,0
2017,201973,0
2018,201973,0
2012,201974,0
2012,201975,0
2013,201975,0
2014,201975,0
2015,201975,0
2016,201975,0
2017,201975,0
2012,201976,0
2013,201976,0
2014,201976,0
2015,201976,0
2016,201976,0
2017,201976,0
2018,201976,0
2019,201976,0
2020,201976,0
2012,201977,0
2013,201977,0
2014,201977,0
2015,201977,0
2016,201977,0
2012,201978,0
2013,201978,0
2014,201978,0
2015,201978,0
2016,201978,0
2013,201979,0
2014,201979,0
2012,201980,0
2013,201980,0
2014,201980,0
2015,201980,0
2016,201980,0
2017,201980,0
2018,201980,0
2019,201980,0
2020,201980,0
2012,201985,0
2013,201985,0
2014,201985,0
2012,201986,0
2013,201986,0
2012,201988,0
2013,201988,0
2014,201988,0
2015,201988,0
2016,201988,0
2017,201988,0
2018,201988,0
2019,201988,0
2020,201988,0
2013,201991,0
2012,201993,0
2012,202066,0
2013,202066,0
2014,202066,0
2015,202066,0
2016,202066,0
2017,202066,0
2018,202066,0
2019,202066,0
2020,202066,0
2013,202068,0
2015,202068,0
2013,202070,0
2012,202075,0
2012,202077,0
2012,202083,0
2013,202083,0
2014,202083,0
2015,202083,0
2016,202083,0
2017,202083,0
2018,202083,0
2019,202083,0
2020,202083,0
2012,202087,0
2013,202087,0
2014,202087,0
2015,202087,0
2016,202087,0
2012,202091,0
2013,202091,0
2014,202091,0
2015,202091,0
2012,202130,0
2013,202130,0
2014,202130,0
2015,202130,0
2016,202130,0
2012,202148,0
2013,202148,0
2012,202178,0
2014,202197,0
2012,202221,0
2012,202227,0
2012,202322,0
2013,202322,0
2014,202322,0
2015,202322,1
2016,202322,0
2017,202322,0
2018,202322,0
2020,202322,0
2012,202323,0
2013,202323,0
2014,202323,0
2015,202323,0
2016,202323,0
2017,202323,0
2018,202323,0
2019,202323,0
2012,202324,0
2013,202324,0
2014,202324,0
2015,202324,0
2016,202324,0
2017,202324,0
2018,202324,0
2019,202324,0
2020,202324,0
2012,202325,0
2013,202325,0
2014,202325,0
2015,202325,0
2016,202325,0
2017,202325,0
2018,202325,0
2012,202326,0
2013,202326,0
2014,202326,0
2015,202326,0
2016,202326,0
2017,202326,0
2018,202326,0
2020,202326,0
2012,202327,0
2013,202327,0
2014,202327,0
2017,202327,0
2018,202327,0
2012,202328,0
2013,202328,0
2014,202328,0
2015,202328,0
2016,202328,0
2017,202328,0
2018,202328,0
2012,202329,0
2013,202329,0
2014,202329,0
2015,202329,0
2016,202329,0
2017,202329,0
2018,202329,0
2019,202329,0
2012,202330,0
2013,202330,0
2014,202330,0
2015,202330,0
2016,202330,0
2017,202330,0
2018,202330,0
2019,202330,0
2020,202330,0
2012,202331,0
2013,202331,0
2015,202331,0
2016,202331,0
2017,202331,0
2018,202331,0
2019,202331,1
2020,202331,0
2012,202332,0
2013,202332,0
2014,202332,0
2015,202332,0
2016,202332,0
2017,202332,0
2012,202333,0
2013,202333,0
2014,202333,0
2012,202334,0
2013,202334,0
2014,202334,0
2015,202334,0
2016,202334,0
2017,202334,0
2018,202334,0
2019,202334,0
2020,202334,0
2012,202335,0
2013,202335,0
2014,202335,0
2015,202335,0
2016,202335,0
2017,202335,0
2018,202335,0
2019,202335,0
2020,202335,0
2012,202336,0
2013,202336,0
2014,202336,0
2012,202337,0
2014,202337,0
2015,202337,0
2016,202337,0
2017,202337,0
2012,202338,0
2013,202338,0
2014,202338,0
2015,202338,0
2016,202338,0
2012,202339,0
2013,202339,0
2014,202339,0
2015,202339,0
2016,202339,0
2017,202339,0
2018,202339,0
2019,202339,0
2020,202339,0
2012,202340,0
2013,202340,0
2014,202340,0
2015,202340,0
2016,202340,0
2017,202340,0
2018,202340,0
2019,202340,0
2020,202340,0
2012,202341,0
2013,202341,0
2015,202341,0
2013,202343,0
2014,202343,0
2015,202343,0
2012,202344,0
2013,202344,0
2014,202344,0
2015,202344,0
2016,202344,0
2017,202344,0
2012,202345,0
2013,202345,0
2014,202345,0
2012,202346,0
2012,202347,0
2013,202347,0
2014,202347,0
2017,202347,0
2018,202347,0
2012,202348,0
2013,202348,0
2015,202348,0
2017,202348,0
2012,202349,0
2013,202349,0
2014,202349,0
2015,202349,0
2016,202349,0
2012,202350,0
2013,202350,0
2012,202351,0
2013,202351,0
2015,202353,0
2012,202354,0
2013,202354,0
2014,202354,0
2014,202355,0
2015,202355,0
2016,202355,0
2017,202355,0
2018,202355,0
2019,202355,0
2020,202355,0
2012,202356,0
2015,202357,0
2016,202357,0
2017,202357,0
2018,202357,0
2019,202357,0
2020,202357,0
2015,202358,0
2012,202360,0
2017,202360,0
2012,202361,0
2013,202361,0
2014,202361,0
2012,202362,0
2013,202362,0
2014,202362,0
2015,202362,0
2016,202362,0
2017,202362,0
2018,202362,0
2012,202363,0
2013,202363,0
2012,202365,0
2013,202365,0
2012,202366,0
2014,202366,0
2013,202371,0
2012,202374,0
2012,202376,0
2012,202379,0
2013,202379,0
2014,202379,0
2015,202379,0
2016,202379,0
2017,202379,0
2012,202380,0
2013,202380,0
2012,202386,0
2012,202388,0
2013,202388,0
2014,202388,0
2015,202388,0
2017,202388,0
2018,202388,0
2012,202389,0
2013,202389,0
2014,202389,0
2015,202389,0
2016,202389,0
2017,202389,0
2012,202390,0
2013,202390,0
2014,202390,0
2015,202390,0
2016,202390,0
2012,202391,1
2013,202391,0
2014,202391,0
2015,202391,0
2016,202391,0
2017,202391,0
2018,202391,0
2012,202392,0
2015,202394,0
2012,202396,0
2012,202397,0
2013,202397,0
2014,202397,0
2015,202397,0
2016,202397,0
2017,202397,0
2018,202397,0
2019,202397,0
2020,202397,0
2012,202399,0
2013,202399,0
2014,202399,0
2015,202399,0
2014,202407,0
2015,202407,0
2017,202407,0
2013,202408,0
2013,202412,0
2012,202417,0
2012,202419,0
2013,202419,0
2014,202419,0
2015,202419,0
2013,202420,0
2012,202446,0
2015,202464,0
2012,202498,0
2013,202498,0
2014,202498,0
2015,202498,0
2016,202498,0
2017,202498,0
2018,202498,0
2015,202513,0
2013,202518,0
2012,202545,0
2014,202550,0
2013,202586,0
2013,202620,0
2014,202620,0
2016,202620,0
2012,202681,0
2013,202681,0
2014,202681,1
2015,202681,1
2016,202681,1
2017,202681,1
2018,202681,1
2019,202681,1
2020,202681,1
2012,202682,0
2013,202682,0
2014,202682,0
2015,202682,0
2016,202682,0
2012,202683,0
2013,202683,0
2014,202683,0
2015,202683,0
2016,202683,0
2017,202683,0
2018,202683,0
2019,202683,0
2020,202683,0
2012,202684,0
2013,202684,0
2014,202684,0
2015,202684,0
2016,202684,0
2017,202684,0
2018,202684,0
2019,202684,0
2020,202684,0
2012,202685,0
2013,202685,0
2014,202685,0
2015,202685,0
2016,202685,0
2017,202685,0
2018,202685,0
2019,202685,0
2020,202685,0
2012,202686,0
2013,202686,0
2012,202687,0
2013,202687,0
2014,202687,0
2015,202687,0
2016,202687,0
2017,202687,0
2018,202687,0
2019,202687,0
2020,202687,0
2012,202688,0
2013,202688,0
2014,202688,0
2015,202688,0
2016,202688,0
2018,202688,0
2019,202688,0
2012,202689,0
2013,202689,0
2014,202689,0
2015,202689,0
2016,202689,0
2017,202689,0
2018,202689,0
2019,202689,0
2020,202689,1
2012,202690,0
2013,202690,0
2014,202690,0
2015,202690,0
2012,202691,0
2013,202691,0
2014,202691,0
2015,202691,0
2016,202691,1
2017,202691,1
2018,202691,1
2012,202692,0
2013,202692,0
2014,202692,0
2015,202692,0
2016,202692,0
2017,202692,0
2018,202692,0
2019,202692,0
2020,202692,0
2012,202693,0
2013,202693,0
2014,202693,0
2015,202693,0
2016,202693,0
2017,202693,0
2018,202693,0
2019,202693,0
2020,202693,0
2012,202694,0
2013,202694,0
2014,202694,0
2015,202694,0
2016,202694,0
2017,202694,0
2018,202694,0
2019,202694,0
2020,202694,0
2012,202695,0
2013,202695,0
2014,202695,0
2015,202695,0
2016,202695,1
2017,202695,1
2018,202695,1
2019,202695,0
2020,202695,1
2012,202696,0
2013,202696,0
2014,202696,0
2015,202696,0
2016,202696,0
2017,202696,0
2018,202696,0
2019,202696,0
2020,202696,0
2012,202697,0
2013,202697,0
2014,202697,0
2015,202697,0
2016,202697,0
2017,202697,0
2018,202697,0
2019,202697,0
2012,202698,0
2013,202698,0
2014,202698,0
2012,202699,0
2013,202699,0
2014,202699,0
2015,202699,0
2016,202699,0
2017,202699,0
2018,202699,0
2019,202699,0
2020,202699,0
2012,202700,0
2013,202700,0
2014,202700,0
2015,202700,0
2016,202700,0
2012,202701,0
2012,202702,0
2013,202702,0
2014,202702,0
2015,202702,0
2016,202702,0
2017,202702,0
2018,202702,0
2014,202703,0
2015,202703,0
2016,202703,0
2017,202703,0
2018,202703,0
2012,202704,0
2013,202704,0
2014,202704,0
2015,202704,0
2016,202704,0
2017,202704,0
2018,202704,0
2019,202704,0
2020,202704,0
2012,202705,0
2013,202705,0
2018,202705,0
2012,202706,0
2013,202706,0
2014,202706,0
2012,202707,0
2012,202708,0
2013,202708,0
2014,202708,0
2015,202708,0
2012,202709,0
2013,202709,0
2014,202709,0
2015,202709,0
2016,202709,0
2017,202709,0
2018,202709,0
2019,202709,0
2020,202709,0
2012,202710,0
2013,202710,0
2014,202710,0
2015,202710,0
2016,202710,0
2017,202710,1
2018,202710,1
2019,202710,1
2020,202710,1
2014,202711,0
2015,202711,0
2016,202711,0
2017,202711,0
2018,202711,0
2019,202711,0
2020,202711,0
2012,202712,0
2015,202712,0
2012,202713,0
2013,202713,0
2014,202713,0
2015,202713,0
2016,202713,0
2017,202713,0
2012,202714,0
2013,202714,0
2014,202714,0
2015,202714,0
2016,202714,0
2017,202714,0
2018,202714,0
2012,202715,0
2012,202718,0
2013,202718,0
2014,202718,0
2015,202718,0
2016,202718,0
2017,202718,0
2018,202718,0
2019,202718,0
2012,202719,0
2013,202719,0
2014,202719,0
2015,202719,0
2012,202720,0
2013,202720,0
2014,202720,0
2015,202720,0
2016,202720,0
2017,202720,0
2018,202720,0
2012,202721,0
2013,202721,0
2014,202721,0
2018,202721,0
2016,202722,0
2017,202722,0
2018,202722,0
2019,202722,0
2020,202722,0
2012,202723,0
2014,202723,0
2012,202724,0
2012,202725,0
2013,202725,0
2015,202725,0
2012,202726,0
2012,202727,0
2012,202728,0
2015,202728,0
2016,202728,0
2012,202729,0
2012,202730,0
2013,202730,0
2014,202730,0
2015,202730,0
2016,202730,0
2012,202732,0
2016,202732,0
2017,202732,0
2018,202732,0
2012,202734,0
2013,202734,0
2014,202734,0
2015,202734,0
2016,202734,0
2017,202734,0
2018,202734,0
2019,202734,0
2020,202734,0
2012,202738,0
2013,202738,0
2014,202738,0
2015,202738,0
2016,202738,0
2017,202738,1
2018,202738,0
2019,202738,0
2013,202779,0
2017,202779,0
2015,202808,0
2012,202809,0
2013,202810,0
2016,202810,0
2012,202814,0
2015,202815,0
2015,202820,0
2013,202841,0
2016,202841,0
2013,202874,0
2016,202874,0
2013,202918,0
2014,202918,0
2018,202918,0
2012,202933,0
2013,202933,0
2016,202933,0
2017,202933,0
2012,202951,0
2013,202952,0
2014,202952,0
2018,202954,0
2019,202954,0
2020,202954,0
2012,202962,0
2013,202962,0
2014,202962,0
2012,202970,0
2013,202970,0
2012,203076,0
2013,203076,0
2014,203076,0
2015,203076,0
2016,203076,0
2017,203076,0
2018,203076,0
2019,203076,0
2020,203076,1
2012,203077,0
2013,203077,0
2014,203077,0
2015,203077,0
2016,203077,0
2017,203077,0
2018,203077,0
2019,203077,0
2012,203078,0
2013,203078,0
2014,203078,0
2015,203078,0
2016,203078,0
2017,203078,0
2018,203078,0
2019,203078,0
2020,203078,0
2012,203079,0
2013,203079,0
2014,203079,0
2015,203079,0
2016,203079,0
2017,203079,0
2018,203079,0
2019,203079,0
2020,203079,0
2012,203080,0
2013,203080,0
2014,203080,0
2015,203080,0
2016,203080,0
2018,203080,0
2012,203081,0
2013,203081,0
2014,203081,0
2015,203081,1
2016,203081,1
2017,203081,1
2018,203081,1
2019,203081,1
2020,203081,1
2012,203082,0
2013,203082,0
2014,203082,0
2015,203082,0
2016,203082,0
2017,203082,0
2018,203082,0
2019,203082,0
2020,203082,0
2012,203083,0
2013,203083,0
2014,203083,0
2015,203083,0
2016,203083,0
2017,203083,0
2018,203083,0
2019,203083,0
2020,203083,0
2012,203084,0
2013,203084,0
2014,203084,0
2015,203084,0
2016,203084,0
2017,203084,0
2018,203084,0
2019,203084,0
2020,203084,0
2012,203085,0
2013,203085,0
2014,203085,0
2015,203085,0
2016,203085,0
2017,203085,0
2018,203085,0
2019,203085,0
2020,203085,0
2012,203086,0
2013,203086,0
2014,203086,0
2015,203086,0
2016,203086,0
2017,203086,0
2018,203086,0
2019,203086,0
2020,203086,0
2012,203087,0
2013,203087,0
2014,203087,0
2015,203087,0
2016,203087,0
2017,203087,0
2018,203087,0
2019,203087,0
2020,203087,0
2012,203088,0
2013,203088,0
2014,203088,0
2015,203088,0
2017,203088,0
2012,203089,0
2013,203089,0
2014,203089,0
2015,203089,0
2016,203089,0
2017,203089,0
2018,203089,0
2019,203089,0
2012,203090,0
2013,203090,0
2014,203090,0
2015,203090,0
2016,203090,0
2017,203090,0
2018,203090,0
2019,203090,0
2020,203090,0
2012,203091,0
2013,203091,0
2012,203092,0
2013,203092,0
2014,203092,0
2015,203092,0
2016,203092,0
2017,203092,0
2018,203092,0
2019,203092,0
2012,203093,0
2013,203093,0
2014,203093,0
2015,203093,0
2016,203093,0
2012,203094,0
2013,203094,0
2014,203094,0
2015,203094,0
2016,203094,0
2012,203095,0
2013,203095,0
2014,203095,0
2015,203095,0
2016,203095,0
2017,203095,0
2018,203095,0
2019,203095,0
2020,203095,0
2012,203096,0
2013,203096,0
2014,203096,0
2015,203096,0
2016,203096,0
2012,203097,0
2013,203097,0
2012,203098,0
2013,203098,0
2014,203098,0
2015,203098,0
2016,203098,0
2017,203098,0
2012,203099,0
2013,203099,0
2014,203099,0
2015,203099,0
2012,203100,0
2013,203100,0
2014,203100,0
2015,203100,0
2016,203100,0
2012,203101,0
2013,203101,0
2014,203101,0
2015,203101,0
2016,203101,0
2017,203101,0
2018,203101,0
2019,203101,0
2012,203102,0
2014,203102,0
2012,203103,0
2013,203103,0
2014,203103,0
2015,203103,0
2017,203103,0
2012,203104,0
2013,203104,0
2014,203104,0
2012,203105,0
2014,203105,0
2015,203105,0
2012,203106,0
2013,203106,0
2014,203106,0
2016,203107,0
2017,203107,0
2018,203107,0
2019,203107,0
2020,203107,0
2012,203108,0
2013,203108,0
2014,203108,0
2012,203109,0
2013,203109,0
2014,203109,0
2015,203109,0
2016,203109,0
2017,203109,0
2018,203109,0
2019,203109,0
2020,203109,0
2012,203110,0
2013,203110,0
2014,203110,0
2015,203110,0
2016,203110,1
2017,203110,0
2018,203110,0
2019,203110,0
2020,203110,0
2012,203111,0
2013,203111,0
2016,203111,0
2012,203112,0
2013,203112,0
2014,203112,0
2015,203112,0
2016,203112,0
2017,203112,0
2018,203112,0
2012,203113,0
2013,203113,0
2014,203113,0
2015,203113,0
2012,203114,0
2013,203114,0
2014,203114,0
2015,203114,0
2017,203114,0
2018,203114,0
2019,203114,0
2020,203114,0
2012,203115,0
2013,203115,0
2014,203115,0
2015,203115,0
2016,203115,0
2017,203115,0
2018,203115,0
2019,203115,0
2020,203115,0
2012,203116,0
2013,203116,0
2012,203117,0
2013,203117,0
2014,203117,0
2012,203118,0
2013,203118,0
2014,203118,0
2015,203118,0
2016,203118,0
2017,203118,0
2018,203118,0
2019,203118,0
2020,203118,0
2012,203119,0
2013,203120,0
2014,203120,0
2016,203120,0
2012,203121,0
2013,203121,0
2014,203121,0
2017,203121,0
2018,203121,0
2020,203121,0
2012,203122,0
2014,203122,0
2016,203122,0
2014,203123,0
2015,203123,0
2012,203124,0
2013,203124,0
2014,203124,0
2015,203124,0
2016,203124,0
2017,203124,0
2018,203124,0
2019,203124,0
2012,203126,0
2013,203126,0
2014,203128,0
2015,203128,0
2012,203129,0
2013,203129,0
2012,203130,0
2013,203130,0
2018,203130,0
2013,203133,0
2014,203133,0
2016,203133,0
2012,203135,0
2013,203135,0
2014,203135,0
2015,203135,0
2016,203135,0
2013,203136,0
2014,203136,0
2012,203138,0
2013,203138,0
2014,203138,0
2015,203138,0
2016,203138,0
2012,203139,0
2013,203139,0
2012,203141,0
2013,203141,0
2014,203141,0
2015,203141,0
2016,203141,0
2017,203141,0
2012,203142,0
2013,203142,0
2014,203142,0
2015,203142,0
2016,203142,0
2012,203143,0
2013,203143,0
2014,203143,0
2015,203143,0
2016,203143,0
2012,203144,0
2013,203144,0
2014,203144,0
2012,203145,0
2013,203145,0
2014,203145,0
2015,203145,0
2016,203145,0
2017,203145,0
2018,203145,0
2019,203145,0
2020,203145,0
2012,203146,0
2013,203146,0
2017,203146,0
2013,203147,0
2012,203148,0
2013,203148,0
2014,203148,0
2015,203148,0
2016,203148,0
2012,203149,0
2014,203149,0
2012,203153,0
2012,203154,0
2012,203155,0
2012,203156,0
2013,203156,0
2014,203156,0
2015,203156,0
2016,203156,0
2012,203157,0
2012,203158,0
2014,203158,0
2012,203159,0
2013,203159,0
2012,203160,0
2012,203162,0
2012,203163,0
2012,203164,0
2012,203174,0
2012,203176,0
2013,203176,0
2012,203178,0
2012,203180,0
2012,203183,0
2012,203185,0
2012,203186,0
2013,203186,0
2014,203186,0
2015,203186,0
2016,203186,0
2017,203186,0
2012,203187,0
2013,203187,0
2014,203187,0
2015,203187,0
2016,203187,0
2017,203187,0
2012,203190,0
2012,203191,0
2012,203192,0
2012,203193,0
2014,203193,0
2012,203195,0
2012,203196,0
2012,203197,0
2013,203197,0
2014,203197,0
2012,203198,0
2012,203199,0
2013,203199,0
2015,203199,0
2017,203199,0
2012,203200,0
2013,203200,0
2014,203200,0
2015,203200,0
2016,203200,0
2017,203200,0
2018,203200,0
2019,203200,0
2020,203200,0
2012,203201,0
2013,203201,0
2012,203203,0
2012,203204,0
2012,203206,0
2013,203210,0
2014,203210,0
2015,203210,0
2016,203210,0
2017,203210,0
2018,203210,0
2019,203210,0
2020,203210,0
2013,203262,0
2013,203263,0
2018,203263,0
2013,203268,0
2014,203268,0
2015,203268,0
2016,203268,0
2013,203315,0
2014,203315,0
2015,203315,0
2016,203315,0
2013,203318,0
2014,203318,0
2013,203327,0
2012,203382,0
2013,203382,0
2014,203382,0
2015,203382,0
2016,203382,0
2017,203382,0
2018,203382,0
2019,203382,0
2020,203382,0
2014,203457,0
2015,203457,0
2016,203457,0
2017,203457,0
2018,203457,0
2019,203457,0
2020,203457,0
2013,203458,0
2014,203458,0
2015,203458,0
2016,203458,0
2017,203458,0
2018,203458,0
2019,203458,0
2020,203458,0
2013,203459,0
2014,203459,0
2015,203459,0
2016,203459,0
2017,203459,0
2018,203459,0
2019,203459,0
2013,203460,0
2014,203460,0
2015,203460,0
2016,203460,0
2017,203460,0
2013,203461,0
2014,203461,0
2015,203461,0
2016,203461,0
2013,203462,0
2014,203462,0
2015,203462,0
2016,203462,0
2017,203462,0
2013,203463,0
2014,203463,0
2015,203463,0
2016,203463,0
2017,203463,0
2018,203463,0
2019,203463,0
2020,203463,0
2016,203464,0
2017,203464,0
2013,203466,0
2013,203467,0
2014,203467,0
2017,203467,0
2013,203468,0
2014,203468,0
2015,203468,0
2016,203468,0
2017,203468,0
2018,203468,0
2019,203468,0
2020,203468,0
2013,203469,0
2014,203469,0
2015,203469,0
2016,203469,0
2017,203469,0
2018,203469,0
2019,203469,0
2020,203469,0
2013,203471,0
2014,203471,0
2015,203471,0
2016,203471,0
2017,203471,0
2018,203471,0
2019,203471,0
2020,203471,0
2015,203472,0
2013,203473,0
2014,203473,0
2015,203473,0
2016,203473,0
2017,203473,0
2018,203473,0
2019,203473,0
2014,203474,0
2015,203474,0
2016,203474,0
2018,203474,0
2014,203475,0
2015,203475,0
2013,203476,0
2014,203476,0
2015,203476,0
2016,203476,0
2017,203476,0
2018,203476,0
2019,203476,0
2020,203476,0
2013,203477,0
2014,203477,0
2015,203477,0
2016,203477,0
2017,203477,0
2018,203477,0
2013,203479,0
2013,203480,0
2013,203481,0
2014,203481,0
2015,203481,0
2016,203481,0
2017,203481,0
2013,203482,0
2014,203482,0
2015,203482,0
2016,203482,0
2017,203482,0
2018,203482,0
2019,203482,0
2020,203482,0
2013,203483,0
2013,203484,0
2014,203484,0
2015,203484,0
2016,203484,0
2017,203484,0
2018,203484,0
2019,203484,0
2020,203484,0
2013,203485,0
2014,203485,0
2015,203485,0
2016,203485,0
2017,203485,0
2018,203485,0
2013,203486,0
2014,203486,0
2015,203486,0
2016,203486,0
2017,203486,0
2018,203486,0
2019,203486,0
2020,203486,0
2013,203487,0
2014,203487,0
2015,203487,0
2016,203487,0
2017,203487,0
2018,203487,0
2019,203487,0
2020,203487,0
2014,203488,0
2015,203488,0
2016,203488,0
2017,203488,0
2018,203488,0
2019,203488,0
2020,203488,0
2013,203489,0
2014,203489,0
2016,203489,0
2017,203489,0
2013,203490,0
2014,203490,0
2015,203490,0
2016,203490,0
2017,203490,0
2018,203490,0
2019,203490,0
2020,203490,0
2013,203491,0
2013,203492,0
2014,203492,0
2015,203492,0
2016,203492,0
2013,203493,0
2014,203493,0
2015,203493,0
2016,203493,0
2017,203493,0
2018,203493,0
2019,203493,0
2020,203493,0
2013,203494,0
2013,203495,0
2014,203495,0
2013,203496,0
2014,203496,0
2015,203496,0
2016,203496,0
2017,203496,0
2018,203496,0
2019,203496,0
2020,203496,0
2013,203497,0
2014,203497,0
2015,203497,0
2016,203497,0
2017,203497,0
2018,203497,0
2019,203497,0
2020,203497,0
2013,203498,0
2014,203498,0
2015,203498,0
2016,203498,0
2017,203498,0
2018,203498,0
2013,203499,0
2014,203499,0
2015,203499,0
2017,203499,0
2013,203500,0
2014,203500,0
2015,203500,0
2016,203500,0
2017,203500,0
2018,203500,0
2019,203500,0
2020,203500,0
2013,203501,0
2014,203501,0
2015,203501,0
2016,203501,0
2017,203501,0
2018,203501,0
2019,203501,0
2020,203501,0
2013,203502,0
2014,203502,0
2013,203503,0
2014,203503,0
2015,203503,0
2016,203503,0
2017,203503,0
2018,203503,0
2019,203503,0
2020,203503,0
2013,203504,0
2014,203504,0
2015,203504,0
2016,203504,0
2017,203504,0
2018,203504,0
2019,203504,0
2020,203504,0
2013,203505,0
2017,203505,0
2013,203506,0
2014,203506,0
2015,203506,0
2016,203506,0
2017,203506,0
2018,203506,0
2019,203506,0
2020,203506,0
2013,203507,0
2014,203507,0
2015,203507,0
2016,203507,0
2017,203507,1
2018,203507,1
2019,203507,1
2020,203507,1
2013,203508,0
2014,203508,0
2015,203508,0
2013,203509,0
2015,203510,0
2016,203510,0
2014,203511,0
2016,203511,0
2014,203512,0
2015,203512,0
2016,203512,0
2017,203512,0
2013,203513,0
2014,203513,0
2013,203515,0
2014,203515,0
2015,203515,0
2016,203515,0
2014,203516,0
2015,203516,0
2016,203516,0
2017,203516,0
2018,203516,0
2019,203516,0
2020,203516,0
2013,203517,0
2014,203517,0
2016,203518,0
2017,203518,0
2018,203518,0
2013,203519,0
2014,203519,0
2015,203519,0
2016,203520,0
2013,203521,0
2014,203521,0
2015,203521,0
2016,203521,0
2017,203521,0
2018,203521,0
2019,203521,0
2020,203521,0
2013,203524,0
2014,203524,0
2015,203524,0
2016,203524,0
2018,203524,0
2019,203524,0
2020,203524,0
2015,203526,0
2016,203526,0
2017,203526,0
2018,203526,0
2019,203526,0
2020,203526,0
2013,203527,0
2014,203527,0
2015,203527,0
2016,203527,0
2013,203528,0
2015,203529,0
2015,203530,0
2016,203530,0
2017,203530,0
2013,203539,0
2014,203539,0
2013,203540,0
2014,203540,0
2013,203543,0
2013,203544,0
2014,203544,0
2013,203545,0
2014,203545,0
2013,203546,0
2014,203546,0
2015,203546,0
2016,203546,0
2017,203546,0
2018,203546,0
2013,203547,0
2014,203547,0
2017,203547,0
2013,203548,0
2013,203551,0
2013,203552,0
2015,203552,0
2016,203552,0
2017,203552,0
2018,203552,0
2019,203552,0
2020,203552,0
2013,203556,0
2013,203558,0
2013,203560,0
2016,203560,0
2013,203561,0
2014,203561,0
2014,203564,0
2017,203564,0
2018,203564,0
2014,203565,0
2013,203566,0
2013,203568,0
2013,203569,0
2015,203569,0
2013,203576,0
2013,203577,0
2013,203579,0
2013,203580,0
2014,203580,0
2017,203580,0
2018,203583,0
2019,203583,0
2014,203584,0
2015,203584,0
2016,203584,0
2017,203584,0
2018,203584,0
2019,203584,0
2020,203584,0
2013,203585,0
2014,203585,0
2016,203585,0
2017,203585,0
2018,203585,0
2019,203585,0
2020,203585,0
2013,203586,0
2015,203586,0
2013,203587,0
2013,203588,0
2013,203589,0
2013,203590,0
2015,203613,0
2016,203613,0
2017,203613,0
2018,203613,0
2018,203629,0
2015,203648,0
2019,203648,0
2020,203648,0
2019,203658,0
2017,203687,0
2018,203687,0
2019,203687,0
2016,203705,0
2017,203705,0
2019,203705,0
2016,203710,0
2017,203710,0
2018,203710,0
2019,203710,0
2014,203798,0
2015,203798,0
2014,203805,0
2014,203810,0
2016,203810,0
2014,203893,0
2015,203893,0
2014,203894,0
2015,203894,0
2016,203894,0
2017,203894,0
2018,203894,0
2019,203894,0
2015,203895,0
2016,203895,0
2018,203895,0
2019,203895,0
2014,203897,0
2015,203897,0
2016,203897,0
2017,203897,0
2018,203897,0
2019,203897,0
2020,203897,0
2014,203898,0
2015,203898,0
2016,203898,0
2017,203898,0
2014,203900,0
2015,203900,0
2016,203900,0
2014,203901,0
2015,203901,0
2016,203901,0
2017,203901,0
2018,203901,0
2019,203901,0
2020,203901,0
2016,203902,0
2017,203902,0
2014,203903,0
2015,203903,0
2016,203903,0
2017,203903,0
2018,203903,0
2019,203903,0
2020,203903,0
2014,203905,0
2014,203906,0
2015,203906,0
2019,203906,0
2014,203909,0
2015,203909,0
2016,203909,0
2017,203909,0
2018,203909,0
2014,203910,0
2015,203910,0
2016,203910,0
2018,203910,0
2014,203912,0
2015,203912,0
2016,203912,0
2014,203913,0
2015,203913,0
2014,203914,0
2015,203914,0
2016,203914,0
2017,203914,0
2018,203914,0
2019,203914,0
2020,203914,0
2014,203915,0
2015,203915,0
2016,203915,0
2017,203915,0
2018,203915,0
2019,203915,0
2020,203915,0
2014,203917,0
2015,203917,0
2016,203917,0
2017,203917,0
2018,203917,0
2020,203917,0
2014,203918,0
2015,203918,0
2016,203918,0
2017,203918,0
2018,203918,0
2019,203918,0
2020,203918,0
2014,203919,0
2015,203919,0
2014,203920,0
2017,203920,0
2018,203920,0
2019,203920,0
2020,203920,0
2014,203921,0
2015,203921,0
2014,203922,0
2015,203922,0
2016,203922,0
2018,203922,0
2019,203922,0
2020,203922,0
2014,203923,0
2015,203923,0
2016,203923,0
2017,203923,0
2014,203924,0
2015,203924,0
2016,203924,0
2017,203924,0
2018,203924,0
2019,203924,0
2020,203924,0
2014,203925,0
2015,203925,0
2016,203925,0
2017,203925,0
2018,203925,0
2019,203925,0
2020,203925,0
2014,203926,0
2015,203926,0
2016,203926,0
2017,203926,0
2018,203926,0
2019,203926,0
2020,203926,0
2014,203927,0
2015,203927,0
2014,203928,0
2015,203928,0
2016,203928,0
2015,203929,0
2015,203930,0
2016,203930,0
2017,203930,0
2014,203932,0
2015,203932,0
2016,203932,0
2017,203932,0
2018,203932,0
2019,203932,0
2020,203932,0
2014,203933,0
2015,203933,0
2016,203933,0
2017,203933,0
2018,203933,0
2019,203933,0
2020,203933,0
2015,203934,0
2016,203934,0
2014,203935,0
2015,203935,0
2016,203935,0
2017,203935,0
2018,203935,0
2019,203935,0
2020,203935,0
2014,203937,0
2015,203937,0
2016,203937,0
2017,203937,0
2018,203937,0
2019,203937,0
2020,203937,0
2014,203939,0
2015,203939,0
2016,203939,0
2017,203939,0
2018,203939,0
2019,203939,0
2020,203939,0
2014,203940,0
2015,203940,0
2016,203940,0
2017,203940,0
2014,203942,0
2014,203943,0
2015,203943,0
2016,203943,0
2017,203943,0
2018,203943,0
2019,203943,0
2020,203943,0
2014,203944,0
2015,203944,0
2016,203944,0
2017,203944,0
2018,203944,0
2019,203944,0
2020,203944,0
2014,203945,0
2014,203946,0
2015,203946,0
2015,203947,0
2014,203948,0
2015,203948,0
2016,203948,0
2017,203948,0
2014,203949,0
2015,203949,0
2016,203949,0
2017,203949,0
2014,203950,0
2015,203950,0
2016,203950,0
2018,203950,0
2014,203951,0
2015,203951,0
2014,203952,0
2015,203952,0
2016,203952,0
2017,203952,0
2018,203952,0
2019,203952,0
2020,203952,0
2014,203953,0
2015,203953,0
2016,203953,0
2018,203953,0
2019,203953,0
2020,203953,0
2016,203954,0
2017,203954,0
2018,203954,1
2019,203954,1
2020,203954,0
2014,203955,0
2015,203955,0
2014,203956,0
2015,203956,0
2014,203957,0
2016,203957,0
2017,203957,0
2018,203957,0
2019,203957,0
2020,203957,0
2014,203958,0
2015,203959,0
2014,203960,0
2015,203960,0
2016,203960,0
2017,203960,0
2018,203960,0
2019,203960,0
2020,203960,0
2014,203961,0
2015,203961,0
2017,203961,0
2018,203961,0
2015,203962,0
2016,203962,0
2017,203962,0
2014,203963,0
2015,203963,0
2014,203964,0
2014,203965,0
2014,203966,0
2015,203966,0
2017,203966,0
2016,203967,0
2017,203967,0
2018,203967,0
2019,203967,0
2020,203967,0
2014,203968,0
2016,203990,0
2014,203991,0
2015,203991,0
2016,203991,0
2017,203991,0
2018,203991,0
2019,203991,0
2020,203991,0
2017,203992,0
2018,203992,0
2019,203992,0
2020,203992,0
2014,203994,0
2015,203994,0
2016,203994,0
2017,203994,0
2018,203994,0
2020,203994,0
2015,203996,0
2014,203998,0
2015,203998,0
2016,203998,0
2017,203998,0
2018,203998,0
2019,203998,0
2020,203998,0
2015,203999,0
2016,203999,0
2017,203999,0
2018,203999,0
2019,203999,0
2020,203999,1
2015,204001,0
2016,204001,1
2017,204001,1
2019,204001,0
2020,204001,0
2015,204002,0
2016,204002,0
2017,204002,0
2014,204014,0
2015,204014,0
2016,204014,0
2017,204014,0
2014,204020,0
2015,204020,0
2016,204020,0
2017,204020,0
2018,204020,0
2019,204020,0
2020,204020,0
2014,204021,0
2014,204022,0
2015,204022,0
2017,204022,0
2014,204024,0
2014,204025,0
2015,204025,0
2016,204025,0
2017,204025,0
2018,204025,0
2019,204025,0
2020,204025,0
2014,204026,0
2014,204027,0
2014,204028,0
2015,204028,0
2016,204028,0
2017,204028,0
2014,204029,0
2016,204029,0
2014,204030,0
2014,204034,0
2014,204037,0
2016,204037,0
2018,204037,0
2014,204038,0
2015,204038,0
2016,204038,0
2017,204038,0
2018,204038,0
2019,204038,0
2020,204038,0
2014,204039,0
2016,204039,0
2014,204040,0
2015,204040,0
2014,204041,0
2014,204044,0
2014,204053,0
2014,204054,0
2014,204060,0
2015,204060,0
2016,204060,0
2017,204060,0
2018,204060,0
2019,204060,0
2020,204060,0
2014,204061,0
2014,204062,0
2017,204064,0
2015,204065,0
2017,204065,0
2019,204065,0
2016,204066,0
2017,204066,0
2018,204066,0
2014,204067,0
2015,204067,0
2016,204067,0
2017,204067,0
2014,204071,0
2014,204075,0
2015,204075,0
2014,204076,0
2014,204077,0
2014,204079,0
2016,204098,0
2017,204098,0
2015,204136,0
2015,204179,0
2018,204179,0
2015,204189,0
2018,204192,0
2015,204222,0
2015,204289,0
2015,204456,0
2016,204456,0
2017,204456,0
2018,204456,0
2019,204456,0
2020,204456,0
2015,1626143,0
2016,1626143,0
2017,1626143,0
2018,1626143,0
2019,1626143,0
2020,1626143,0
2015,1626144,0
2016,1626144,0
2017,1626144,0
2018,1626144,0
2019,1626144,0
2015,1626145,0
2016,1626145,0
2017,1626145,0
2018,1626145,0
2019,1626145,0
2020,1626145,0
2015,1626146,0
2016,1626146,0
2017,1626146,0
2015,1626147,0
2016,1626147,0
2017,1626147,0
2018,1626147,0
2019,1626147,0
2020,1626147,0
2015,1626148,0
2016,1626148,0
2017,1626148,0
2018,1626148,0
2015,1626149,0
2016,1626149,0
2017,1626149,0
2018,1626149,0
2019,1626149,0
2020,1626149,0
2016,1626150,0
2017,1626150,0
2018,1626150,0
2019,1626150,0
2015,1626151,0
2016,1626151,0
2015,1626153,0
2017,1626153,0
2018,1626153,0
2019,1626153,0
2020,1626153,0
2015,1626154,0
2016,1626154,0
2017,1626154,0
2018,1626154,0
2015,1626155,0
2016,1626155,0
2017,1626155,0
2018,1626155,0
2015,1626156,0
2016,1626156,0
2017,1626156,0
2018,1626156,0
2019,1626156,0
2020,1626156,0
2015,1626157,0
2016,1626157,0
2017,1626157,0
2018,1626157,0
2019,1626157,0
2020,1626157,0
2015,1626158,0
2016,1626158,0
2017,1626158,0
2018,1626158,0
2019,1626158,0
2020,1626158,0
2015,1626159,0
2016,1626159,0
2017,1626159,0
2018,1626159,0
2019,1626159,0
2015,1626160,0
2016,1626160,0
2015,1626161,0
2016,1626161,0
2017,1626161,0
2018,1626161,0
2019,1626161,0
2020,1626161,0
2015,1626162,0
2016,1626162,0
2017,1626162,0
2018,1626162,0
2019,1626162,0
2020,1626162,0
2015,1626163,0
2016,1626163,0
2017,1626163,0
2018,1626163,0
2019,1626163,0
2020,1626163,0
2015,1626164,0
2016,1626164,0
2017,1626164,0
2018,1626164,0
2019,1626164,0
2020,1626164,0
2015,1626165,0
2017,1626165,0
2015,1626166,0
2016,1626166,0
2018,1626166,0
2019,1626166,0
2020,1626166,0
2015,1626167,0
2016,1626167,0
2017,1626167,0
2018,1626167,0
2019,1626167,0
2020,1626167,0
2015,1626168,0
2016,1626168,0
2017,1626168,0
2018,1626168,0
2019,1626168,0
2020,1626168,0
2015,1626169,0
2016,1626169,0
2017,1626169,0
2018,1626169,0
2019,1626169,0
2020,1626169,0
2015,1626170,0
2016,1626170,0
2017,1626170,0
2018,1626170,0
2020,1626170,0
2015,1626171,0
2016,1626171,0
2017,1626171,0
2018,1626171,0
2019,1626171,0
2020,1626171,0
2015,1626172,0
2016,1626172,0
2017,1626172,0
2018,1626172,0
2019,1626172,0
2020,1626172,0
2015,1626173,0
2016,1626173,0
2017,1626173,0
2015,1626174,0
2016,1626174,0
2018,1626174,0
2019,1626174,0
2020,1626174,0
2015,1626175,0
2016,1626175,0
2017,1626175,0
2015,1626176,0
2016,1626176,0
2017,1626177,0
2015,1626178,0
2016,1626178,0
2017,1626178,0
2018,1626178,0
2019,1626178,0
2020,1626178,0
2015,1626179,0
2016,1626179,0
2017,1626179,0
2018,1626179,0
2019,1626179,0
2020,1626179,0
2015,1626181,0
2016,1626181,0
2017,1626181,0
2018,1626181,0
2019,1626181,0
2020,1626181,0
2015,1626182,0
2016,1626182,0
2015,1626183,0
2016,1626183,0
2016,1626184,0
2018,1626184,0
2015,1626185,0
2016,1626185,0
2017,1626185,0
2018,1626185,0
2019,1626185,0
2015,1626186,0
2015,1626187,0
2019,1626187,0
2020,1626187,0
2015,1626188,0
2016,1626188,0
2017,1626188,0
2018,1626188,0
2019,1626188,0
2020,1626188,0
2015,1626189,0
2016,1626191,0
2017,1626191,0
2015,1626192,0
2016,1626192,0
2017,1626192,0
2018,1626192,0
2019,1626192,0
2020,1626192,0
2015,1626193,0
2016,1626195,0
2017,1626195,0
2018,1626195,0
2019,1626195,0
2020,1626195,0
2015,1626196,0
2016,1626196,0
2017,1626196,0
2018,1626196,0
2019,1626196,0
2020,1626196,0
2015,1626199,0
2016,1626199,0
2017,1626199,0
2015,1626201,0
2015,1626202,0
2016,1626202,0
2017,1626202,0
2015,1626203,0
2016,1626203,0
2017,1626203,0
2018,1626203,0
2019,1626203,0
2020,1626203,0
2015,1626204,0
2016,1626204,0
2017,1626204,0
2018,1626204,0
2019,1626204,0
2020,1626204,0
2015,1626205,0
2016,1626205,0
2017,1626205,0
2015,1626207,0
2015,1626208,0
2015,1626209,0
2016,1626209,0
2017,1626209,0
2018,1626209,0
2019,1626209,0
2016,1626210,0
2018,1626210,0
2015,1626214,0
2015,1626217,0
2015,1626219,0
2017,1626220,0
2018,1626220,0
2019,1626220,0
2020,1626220,0
2017,1626224,0
2018,1626224,0
2019,1626224,0
2020,1626224,0
2015,1626242,0
2016,1626242,0
2017,1626242,0
2015,1626245,0
2016,1626245,0
2017,1626245,0
2018,1626245,0
2019,1626245,0
2020,1626245,0
2015,1626246,0
2016,1626246,0
2017,1626246,0
2018,1626246,0
2019,1626246,0
2020,1626246,0
2015,1626251,0
2015,1626252,0
2015,1626253,0
2016,1626253,0
2020,1626253,0
2015,1626254,0
2016,1626254,0
2015,1626257,0
2016,1626257,0
2017,1626257,0
2018,1626257,0
2015,1626258,0
2015,1626259,0
2017,1626259,0
2019,1626259,0
2015,1626260,0
2018,1626260,0
2020,1626260,0
2015,1626261,0
2015,1626262,0
2015,1626263,0
2015,1626266,0
2016,1626266,0
2015,1626269,0
2015,1626270,0
2015,1626271,0
2015,1626272,0
2015,1626273,0
2016,1626273,0
2015,1626275,0
2015,1626276,0
2015,1626279,0
2015,1626280,0
2015,1626281,0
2015,1626285,0
2015,1626288,0
2015,1626289,0
2015,1626290,0
2015,1626293,0
2015,1626294,0
2016,1626294,0
2015,1626295,0
2015,1626296,0
2019,1626296,0
2015,1626304,0
2015,1626305,0
2017,1626643,0
2016,1626780,0
2016,1627098,0
2017,1627098,0
2018,1627215,0
2015,1627258,0
2015,1627292,0
2015,1627293,0
2015,1627322,0
2016,1627362,0
2017,1627362,0
2018,1627362,0
2018,1627395,0
2017,1627732,0
2018,1627732,1
2019,1627732,1
2020,1627732,0
2016,1627733,0
2017,1627733,0
2018,1627733,0
2019,1627733,0
2016,1627734,0
2017,1627734,0
2018,1627734,0
2019,1627734,0
2020,1627734,0
2016,1627735,0
2017,1627735,0
2018,1627735,0
2016,1627736,0
2017,1627736,0
2018,1627736,0
2019,1627736,0
2020,1627736,0
2016,1627737,0
2017,1627737,0
2018,1627737,0
2019,1627737,0
2020,1627737,0
2016,1627738,0
2017,1627738,0
2016,1627739,0
2017,1627739,0
2018,1627739,0
2019,1627739,0
2016,1627740,0
2017,1627740,0
2018,1627740,0
2019,1627740,0
2020,1627740,0
2016,1627741,0
2017,1627741,0
2018,1627741,0
2019,1627741,0
2020,1627741,0
2016,1627742,0
2017,1627742,0
2018,1627742,0
2019,1627742,0
2020,1627742,0
2016,1627743,0
2017,1627743,0
2018,1627743,0
2019,1627743,0
2016,1627744,0
2017,1627744,0
2016,1627745,0
2017,1627745,0
2018,1627745,0
2019,1627745,0
2020,1627745,0
2016,1627746,0
2017,1627746,0
2018,1627746,0
2019,1627746,0
2016,1627747,0
2017,1627747,0
2018,1627747,0
2019,1627747,0
2020,1627747,0
2016,1627748,0
2017,1627748,0
2018,1627748,0
2019,1627748,0
2020,1627748,0
2016,1627749,0
2017,1627749,0
2018,1627749,0
2019,1627749,0
2020,1627749,0
2016,1627750,0
2017,1627750,0
2018,1627750,0
2019,1627750,0
2020,1627750,0
2016,1627751,0
2017,1627751,0
2018,1627751,0
2019,1627751,0
2020,1627751,0
2016,1627752,0
2017,1627752,0
2018,1627752,0
2019,1627752,0
2020,1627752,0
2017,1627753,0
2018,1627753,0
2016,1627754,0
2017,1627754,0
2016,1627755,0
2017,1627755,0
2018,1627755,0
2016,1627756,0
2017,1627756,0
2019,1627756,0
2020,1627756,0
2016,1627757,0
2017,1627757,0
2016,1627758,0
2017,1627758,0
2018,1627758,0
2016,1627759,0
2017,1627759,0
2018,1627759,0
2019,1627759,0
2020,1627759,0
2016,1627760,0
2016,1627761,0
2017,1627761,0
2018,1627761,0
2019,1627761,0
2020,1627761,0
2016,1627762,0
2017,1627762,0
2016,1627763,0
2017,1627763,0
2018,1627763,0
2019,1627763,0
2020,1627763,0
2016,1627765,0
2016,1627766,0
2018,1627766,0
2016,1627767,0
2017,1627767,0
2018,1627767,0
2019,1627767,0
2016,1627768,0
2016,1627770,0
2017,1627770,0
2018,1627770,0
2016,1627771,0
2017,1627771,0
2017,1627772,0
2018,1627772,0
2019,1627772,0
2016,1627773,0
2016,1627774,0
2017,1627774,0
2018,1627774,0
2019,1627774,0
2020,1627774,0
2016,1627775,0
2017,1627775,0
2018,1627775,0
2019,1627775,0
2019,1627776,0
2016,1627777,0
2017,1627777,0
2018,1627777,0
2019,1627777,0
2020,1627777,0
2016,1627778,0
2018,1627778,0
2016,1627779,0
2017,1627779,0
2016,1627780,0
2017,1627780,0
2018,1627780,0
2019,1627780,0
2016,1627781,0
2017,1627781,0
2018,1627781,0
2016,1627782,0
2017,1627782,0
2018,1627782,0
2016,1627783,0
2017,1627783,0
2018,1627783,0
2019,1627783,0
2020,1627783,0
2017,1627784,0
2019,1627784,0
2016,1627785,0
2017,1627785,0
2016,1627786,0
2017,1627786,0
2018,1627786,0
2016,1627787,0
2017,1627787,0
2017,1627788,0
2018,1627788,0
2019,1627788,0
2020,1627788,0
2016,1627789,0
2017,1627789,0
2018,1627789,0
2019,1627789,0
2020,1627789,0
2017,1627790,0
2018,1627790,0
2019,1627790,0
2016,1627791,0
2016,1627812,0
2017,1627812,0
2018,1627812,0
2019,1627812,0
2020,1627812,0
2016,1627814,0
2018,1627814,0
2019,1627814,0
2020,1627814,0
2016,1627815,0
2017,1627815,0
2016,1627816,0
2017,1627816,0
2018,1627816,0
2016,1627817,0
2016,1627818,0
2016,1627819,0
2017,1627819,0
2018,1627819,0
2019,1627819,0
2017,1627820,0
2018,1627820,0
2019,1627820,0
2016,1627821,0
2017,1627821,0
2016,1627823,0
2017,1627823,0
2018,1627823,0
2019,1627823,0
2020,1627823,0
2017,1627824,0
2018,1627824,0
2017,1627825,0
2016,1627826,0
2017,1627826,0
2018,1627826,0
2019,1627826,0
2020,1627826,0
2016,1627827,0
2017,1627827,0
2018,1627827,0
2019,1627827,0
2020,1627827,0
2016,1627829,0
2016,1627832,0
2017,1627832,0
2018,1627832,0
2019,1627832,0
2020,1627832,0
2016,1627834,0
2017,1627834,0
2016,1627835,0
2017,1627835,0
2016,1627841,0
2016,1627843,0
2017,1627846,0
2018,1627846,0
2019,1627846,0
2020,1627846,0
2016,1627848,0
2016,1627849,0
2017,1627849,0
2016,1627850,0
2017,1627850,0
2016,1627851,0
2017,1627851,0
2016,1627852,0
2017,1627852,0
2016,1627853,0
2017,1627853,0
2018,1627853,0
2019,1627853,0
2020,1627853,0
2016,1627854,0
2017,1627854,0
2018,1627854,0
2019,1627854,0
2020,1627854,0
2016,1627855,0
2017,1627855,0
2018,1627855,0
2016,1627856,0
2017,1627856,0
2016,1627858,0
2017,1627858,0
2018,1627858,0
2016,1627861,0
2016,1627862,0
2016,1627863,0
2017,1627863,0
2018,1627863,0
2019,1627863,0
2020,1627863,0
2016,1627865,0
2016,1627866,0
2016,1627867,0
2016,1627868,0
2016,1627873,0
2016,1627875,0
2017,1627875,0
2018,1627875,0
2016,1627878,0
2016,1627879,0
2016,1627880,0
2016,1627881,0
2016,1627882,0
2016,1627883,0
2017,1627883,0
2018,1627883,0
2019,1627883,0
2016,1627884,0
2017,1627884,0
2018,1627884,0
2019,1627884,0
2020,1627884,0
2018,1627885,0
2019,1627885,0
2020,1627885,0
2016,1627886,0
2016,1627887,0
2016,1627888,0
2017,1627936,0
2018,1627936,0
2019,1627936,0
2020,1627936,0
2016,1627938,0
2016,1627954,0
2019,1627982,0
2017,1627988,0
2019,1627988,0
2017,1628021,0
2018,1628021,0
2019,1628021,0
2020,1628021,0
2017,1628035,0
2018,1628035,0
2019,1628035,0
2020,1628035,0
2016,1628041,0
2018,1628070,0
2017,1628174,0
2017,1628176,0
2018,1628249,0
2017,1628365,0
2018,1628365,0
2019,1628365,0
2020,1628365,0
2017,1628366,0
2018,1628366,1
2019,1628366,0
2020,1628366,0
2017,1628367,0
2018,1628367,0
2019,1628367,0
2020,1628367,0
2017,1628368,0
2018,1628368,0
2019,1628368,0
2020,1628368,0
2017,1628369,0
2018,1628369,0
2019,1628369,1
2020,1628369,1
2017,1628370,0
2018,1628370,0
2019,1628370,0
2020,1628370,0
2017,1628371,0
2018,1628371,0
2019,1628371,0
2017,1628372,0
2018,1628372,0
2019,1628372,0
2020,1628372,0
2017,1628373,0
2018,1628373,0
2019,1628373,0
2020,1628373,0
2017,1628374,0
2018,1628374,0
2019,1628374,0
2020,1628374,0
2017,1628378,0
2018,1628378,0
2019,1628378,0
2020,1628378,0
2017,1628379,0
2018,1628379,0
2019,1628379,0
2020,1628379,0
2017,1628380,0
2018,1628380,0
2019,1628380,0
2017,1628381,0
2018,1628381,0
2019,1628381,0
2020,1628381,0
2017,1628382,0
2018,1628382,0
2019,1628382,0
2020,1628382,0
2019,1628383,0
2017,1628384,0
2018,1628384,0
2019,1628384,0
2020,1628384,0
2018,1628385,0
2019,1628385,0
2020,1628385,0
2017,1628386,0
2018,1628386,0
2019,1628386,0
2020,1628386,0
2017,1628387,0
2018,1628387,0
2017,1628388,0
2018,1628388,0
2019,1628388,0
2020,1628388,0
2017,1628389,0
2018,1628389,0
2019,1628389,0
2020,1628389,0
2017,1628390,0
2018,1628390,0
2019,1628390,0
2020,1628390,0
2017,1628391,0
2018,1628391,0
2019,1628391,0
2020,1628391,0
2018,1628392,0
2019,1628392,0
2020,1628392,0
2017,1628393,0
2018,1628393,0
2019,1628394,0
2020,1628394,0
2017,1628395,0
2018,1628395,0
2019,1628395,0
2020,1628395,0
2017,1628396,0
2018,1628396,0
2019,1628396,0
2020,1628396,0
2017,1628397,0
2018,1628397,0
2019,1628397,0
2017,1628398,0
2018,1628398,0
2019,1628398,0
2020,1628398,0
2017,1628399,0
2018,1628399,0
2019,1628399,0
2017,1628400,0
2018,1628400,0
2019,1628400,0
2020,1628400,0
2017,1628401,0
2018,1628401,0
2019,1628401,0
2020,1628401,0
2018,1628402,0
2019,1628402,0
2020,1628402,0
2017,1628403,0
2018,1628403,0
2019,1628403,0
2017,1628404,0
2018,1628404,0
2019,1628404,0
2020,1628404,0
2017,1628405,0
2018,1628405,0
2019,1628405,0
2020,1628405,0
2017,1628407,0
2018,1628407,0
2019,1628407,0
2020,1628407,0
2017,1628408,0
2018,1628408,0
2019,1628408,0
2020,1628408,0
2017,1628409,0
2018,1628410,0
2019,1628410,0
2020,1628410,0
2017,1628411,0
2018,1628411,0
2019,1628411,0
2020,1628411,0
2017,1628412,0
2018,1628412,0
2019,1628412,0
2018,1628413,0
2019,1628413,0
2017,1628414,0
2018,1628414,0
2019,1628414,0
2020,1628414,0
2017,1628415,0
2018,1628415,0
2019,1628415,0
2020,1628415,0
2017,1628416,0
2018,1628416,0
2018,1628417,0
2019,1628417,0
2017,1628418,0
2018,1628418,0
2019,1628418,0
2020,1628418,0
2018,1628419,0
2017,1628420,0
2018,1628420,0
2019,1628420,0
2020,1628420,0
2018,1628421,0
2019,1628421,0
2017,1628422,0
2018,1628422,0
2019,1628422,0
2020,1628422,0
2017,1628424,0
2018,1628424,0
2019,1628424,0
2017,1628425,0
2018,1628425,0
2019,1628425,0
2020,1628425,0
2019,1628427,0
2020,1628427,0
2017,1628429,0
2018,1628429,0
2019,1628430,0
2020,1628430,0
2017,1628431,0
2017,1628432,0
2018,1628432,0
2019,1628432,0
2017,1628433,0
2017,1628436,0
2018,1628436,0
2019,1628436,0
2020,1628436,0
2017,1628439,0
2018,1628439,0
2017,1628443,0
2018,1628443,0
2019,1628443,0
2017,1628444,0
2019,1628448,0
2018,1628449,0
2019,1628449,0
2020,1628449,0
2019,1628450,0
2017,1628451,0
2017,1628452,0
2017,1628453,0
2017,1628454,0
2017,1628455,0
2017,1628456,0
2017,1628460,0
2017,1628462,0
2018,1628462,0
2017,1628463,0
2018,1628463,0
2017,1628464,0
2018,1628464,0
2019,1628464,0
2020,1628464,0
2017,1628467,0
2018,1628467,0
2019,1628467,0
2020,1628467,0
2017,1628469,0
2018,1628469,0
2017,1628470,0
2018,1628470,0
2019,1628470,0
2020,1628470,0
2017,1628473,0
2017,1628475,0
2017,1628476,0
2018,1628476,0
2019,1628476,0
2017,1628477,0
2017,1628491,0
2017,1628492,0
2017,1628493,0
2017,1628494,0
2017,1628495,0
2019,1628495,0
2017,1628496,0
2017,1628499,0
2018,1628499,0
2019,1628499,0
2017,1628500,0
2018,1628500,0
2017,1628502,0
2017,1628503,0
2018,1628503,0
2017,1628504,0
2018,1628505,0
2019,1628505,0
2017,1628506,0
2019,1628506,0
2017,1628510,0
2017,1628511,0
2017,1628512,0
2017,1628513,0
2018,1628513,0
2019,1628513,0
2020,1628513,0
2017,1628515,0
2018,1628515,0
2017,1628516,0
2017,1628518,0
2018,1628518,0
2019,1628518,0
2020,1628518,0
2017,1628528,0
2017,1628535,0
2018,1628537,0
2019,1628539,0
2020,1628539,0
2017,1628571,0
2017,1628575,0
2018,1628576,0
2017,1628578,0
2019,1628578,0
2017,1628579,0
2019,1628605,0
2017,1628677,0
2017,1628679,0
2018,1628681,0
2019,1628769,0
2019,1628778,0
2020,1628778,0
2018,1628959,0
2018,1628960,0
2019,1628960,0
2020,1628960,0
2018,1628961,0
2019,1628961,0
2020,1628961,0
2020,1628962,0
2018,1628963,0
2019,1628963,0
2020,1628963,0
2018,1628964,0
2019,1628964,0
2020,1628964,0
2018,1628966,0
2019,1628966,0
2020,1628966,0
2019,1628968,0
2020,1628968,0
2018,1628969,0
2019,1628969,0
2020,1628969,0
2018,1628970,0
2019,1628970,0
2020,1628970,0
2018,1628971,0
2019,1628971,0
2020,1628971,0
2018,1628972,0
2019,1628972,0
2020,1628972,0
2018,1628973,0
2019,1628973,0
2020,1628973,0
2018,1628975,0
2019,1628975,0
2020,1628975,0
2018,1628976,0
2019,1628976,0
2020,1628976,0
2018,1628977,0
2019,1628977,0
2020,1628977,0
2018,1628978,0
2019,1628978,0
2020,1628978,0
2018,1628980,0
2019,1628980,0
2019,1628981,0
2020,1628981,0
2018,1628982,0
2019,1628982,0
2018,1628983,0
2019,1628983,0
2020,1628983,0
2018,1628984,0
2019,1628984,0
2020,1628984,0
2019,1628985,0
2019,1628987,0
2018,1628988,0
2019,1628988,0
2020,1628988,0
2018,1628989,0
2019,1628989,0
2020,1628989,0
2018,1628990,0
2019,1628990,0
2020,1628990,0
2018,1628991,0
2019,1628991,0
2018,1628993,0
2019,1628993,0
2020,1628993,0
2018,1628994,0
2018,1628995,0
2019,1628995,0
2020,1628995,0
2019,1628996,0
2019,1628997,0
2020,1628997,0
2019,1628998,0
2020,1628998,0
2018,1628999,0
2019,1628999,0
2018,1629000,0
2018,1629001,0
2019,1629001,0
2020,1629001,0
2018,1629002,0
2019,1629002,0
2020,1629002,0
2018,1629003,0
2019,1629003,0
2020,1629003,0
2018,1629004,0
2019,1629004,0
2020,1629004,0
2018,1629005,0
2018,1629006,0
2019,1629006,0
2020,1629006,0
2018,1629008,0
2019,1629008,0
2020,1629008,0
2018,1629009,0
2018,1629010,0
2019,1629010,0
2020,1629010,0
2018,1629011,0
2019,1629011,0
2020,1629011,0
2018,1629012,0
2019,1629012,0
2020,1629012,0
2018,1629013,0
2019,1629013,0
2020,1629013,0
2018,1629014,0
2019,1629014,0
2020,1629014,0
2019,1629015,0
2018,1629016,0
2019,1629016,0
2020,1629016,0
2018,1629017,0
2019,1629017,0
2018,1629018,0
2019,1629018,0
2020,1629018,0
2018,1629019,0
2019,1629019,0
2018,1629020,0
2019,1629020,0
2020,1629020,0
2018,1629021,0
2019,1629021,0
2020,1629021,0
2018,1629022,0
2019,1629022,0
2020,1629022,0
2019,1629023,0
2020,1629023,0
2018,1629026,0
2019,1629026,0
2020,1629026,0
2018,1629027,0
2019,1629027,0
2020,1629027,0
2018,1629028,0
2019,1629028,0
2020,1629028,0
2018,1629029,0
2019,1629029,1
2020,1629029,1
2018,1629033,0
2019,1629033,0
2020,1629033,0
2018,1629034,0
2019,1629035,0
2020,1629035,0
2018,1629037,0
2019,1629044,0
2018,1629045,0
2019,1629048,0
2020,1629048,0
2018,1629050,0
2019,1629052,0
2020,1629052,0
2018,1629053,0
2019,1629055,0
2019,1629056,0
2020,1629056,0
2018,1629057,0
2019,1629057,0
2020,1629057,0
2018,1629058,0
2019,1629058,0
2020,1629058,0
2018,1629059,0
2019,1629059,0
2019,1629060,0
2020,1629060,0
2018,1629061,0
2019,1629061,0
2019,1629065,0
2020,1629065,0
2018,1629066,0
2019,1629066,0
2020,1629066,0
2018,1629067,0
2019,1629067,0
2020,1629067,0
2019,1629076,0
2020,1629076,0
2018,1629078,0
2018,1629093,0
2018,1629094,0
2019,1629094,0
2019,1629097,0
2018,1629102,0
2019,1629103,0
2020,1629103,0
2018,1629109,0
2019,1629109,0
2020,1629109,0
2018,1629116,0
2018,1629117,0
2019,1629117,0
2020,1629117,0
2018,1629118,0
2019,1629118,0
2018,1629121,0
2019,1629121,0
2020,1629121,0
2018,1629122,0
2019,1629122,0
2018,1629123,0
2018,1629126,0
2019,1629126,0
2018,1629129,0
2019,1629129,0
2018,1629130,0
2019,1629130,0
2020,1629130,0
2018,1629131,0
2018,1629132,0
2018,1629133,0
2019,1629133,0
2018,1629134,0
2019,1629134,0
2020,1629134,0
2018,1629136,0
2018,1629137,0
2018,1629139,0
2019,1629139,0
2020,1629139,0
2018,1629140,0
2019,1629140,0
2018,1629142,0
2018,1629145,0
2018,1629146,0
2018,1629147,0
2019,1629147,0
2018,1629148,0
2018,1629149,0
2018,1629150,0
2018,1629151,0
2019,1629151,0
2018,1629152,0
2019,1629152,0
2018,1629154,0
2018,1629155,0
2018,1629156,0
2018,1629159,0
2018,1629162,0
2019,1629162,0
2020,1629162,0
2018,1629164,0
2019,1629164,0
2020,1629164,0
2018,1629165,0
2018,1629166,0
2019,1629168,0
2020,1629168,0
2018,1629184,0
2018,1629185,0
2019,1629185,0
2020,1629185,0
2018,1629186,0
2019,1629203,0
2019,1629216,0
2020,1629216,0
2018,1629226,0
2018,1629232,0
2019,1629232,0
2018,1629234,0
2019,1629234,0
2020,1629234,0
2018,1629236,0
2018,1629244,0
2019,1629244,0
2020,1629244,0
2018,1629245,0
2018,1629246,0
2019,1629270,0
2018,1629285,0
2019,1629305,0
2019,1629308,0
2020,1629308,0
2018,1629312,0
2019,1629312,0
2019,1629346,0
2020,1629346,0
2019,1629353,0
2020,1629594,0
2019,1629595,0
2020,1629596,0
2019,1629597,0
2019,1629598,0
2020,1629598,0
2019,1629599,0
2020,1629599,0
2020,1629602,0
2020,1629603,0
2020,1629604,0
2019,1629605,0
2020,1629605,0
2019,1629606,0
2020,1629606,0
2019,1629607,0
2020,1629607,0
2019,1629608,0
2019,1629610,0
2020,1629610,0
2019,1629611,0
2020,1629611,0
2019,1629612,0
2019,1629615,0
2019,1629616,0
2020,1629617,0
2020,1629619,0
2019,1629620,0
2019,1629621,0
2019,1629622,0
2020,1629622,0
2020,1629624,0
2019,1629625,0
2020,1629626,0
2019,1629627,0
2020,1629627,0
2019,1629628,0
2020,1629628,0
2019,1629629,0
2020,1629629,0
2019,1629630,0
2020,1629630,1
2019,1629631,0
2020,1629631,0
2019,1629632,0
2020,1629632,0
2019,1629633,0
2020,1629633,0
2019,1629634,0
2020,1629634,0
2019,1629635,0
2020,1629635,0
2019,1629636,0
2020,1629636,0
2019,1629637,0
2020,1629637,0
2019,1629638,0
2020,1629638,0
2019,1629639,0
2020,1629639,0
2019,1629640,0
2020,1629640,0
2019,1629641,0
2020,1629641,0
2019,1629642,0
2020,1629642,0
2020,1629643,0
2019,1629644,0
2020,1629644,0
2019,1629645,0
2019,1629647,0
2020,1629647,0
2019,1629648,0
2020,1629648,0
2019,1629649,0
2020,1629649,0
2019,1629650,0
2020,1629650,0
2019,1629651,0
2019,1629652,0
2020,1629652,0
2020,1629653,0
2019,1629655,0
2020,1629655,0
2019,1629657,0
2020,1629657,0
2019,1629658,0
2019,1629659,0
2020,1629659,0
2019,1629660,0
2019,1629661,0
2020,1629661,0
2019,1629662,0
2020,1629662,0
2019,1629663,0
2020,1629663,0
2019,1629664,0
2019,1629665,0
2020,1629665,0
2020,1629666,0
2019,1629667,0
2020,1629667,0
2019,1629668,0
2020,1629668,0
2019,1629669,0
2020,1629669,0
2020,1629670,0
2019,1629671,0
2020,1629671,0
2019,1629672,0
2020,1629672,0
2019,1629673,0
2020,1629673,0
2019,1629675,0
2020,1629675,0
2019,1629676,0
2020,1629676,0
2019,1629677,0
2020,1629677,0
2019,1629678,0
2020,1629678,0
2019,1629679,0
2020,1629679,0
2019,1629680,0
2020,1629680,0
2019,1629682,0
2020,1629682,0
2019,1629683,0
2020,1629683,0
2019,1629684,0
2020,1629684,0
2020,1629685,0
2020,1629686,0
2019,1629689,0
2019,1629690,0
2020,1629690,0
2020,1629700,0
2019,1629713,0
2020,1629713,0
2019,1629714,0
2020,1629714,0
2019,1629715,0
2019,1629716,0
2020,1629716,0
2019,1629717,0
2019,1629718,0
2019,1629719,0
2020,1629719,0
2019,1629721,0
2019,1629723,0
2020,1629723,0
2019,1629724,0
2019,1629725,0
2019,1629726,0
2020,1629726,0
2019,1629729,0
2019,1629730,0
2020,1629730,0
2019,1629731,0
2020,1629731,0
2019,1629734,0
2019,1629735,0
2020,1629735,0
2019,1629738,0
2020,1629738,0
2019,1629739,0
2019,1629740,0
2020,1629740,0
2019,1629741,0
2019,1629742,0
2019,1629743,0
2019,1629744,0
2020,1629744,0
2019,1629745,0
2019,1629746,0
2019,1629750,0
2020,1629750,0
2019,1629751,0
2020,1629751,0
2019,1629752,0
2020,1629752,0
2019,1629753,0
2019,1629756,0
2019,1629759,0
2019,1629760,0
2020,1629760,0
2019,1629779,0
2020,1629783,0
2019,1629800,0
2019,1629819,0
2019,1629824,0
2019,1629825,0
2019,1629826,0
2019,1629833,0
2020,1629833,0
2020,1629958,0
2020,1629962,0
2020,1630162,0
2020,1630163,0
2020,1630164,0
2020,1630165,0
2020,1630166,0
2020,1630167,0
2020,1630168,0
2020,1630169,0
2020,1630170,0
2020,1630171,0
2020,1630172,0
2020,1630173,0
2020,1630174,0
2020,1630175,0
2020,1630176,0
2020,1630177,0
2020,1630178,0
2020,1630179,0
2020,1630180,0
2020,1630181,0
2020,1630182,0
2020,1630183,0
2020,1630184,0
2020,1630185,0
2020,1630186,0
2020,1630187,0
2020,1630188,0
2020,1630189,0
2020,1630190,0
2020,1630191,0
2020,1630192,0
2020,1630193,0
2020,1630194,0
2020,1630197,0
2020,1630198,0
2020,1630199,0
2020,1630200,0
2020,1630201,0
2020,1630202,0
2020,1630203,0
2020,1630204,0
2020,1630205,0
2020,1630207,0
2020,1630208,0
2020,1630210,0
2020,1630211,0
2020,1630213,0
2020,1630214,0
2020,1630216,0
2020,1630217,0
2020,1630218,0
2020,1630219,0
2020,1630221,0
2020,1630222,0
2020,1630223,0
2020,1630230,0
2020,1630231,0
2020,1630232,0
2020,1630233,0
2020,1630234,0
2020,1630235,0
2020,1630237,0
2020,1630238,0
2020,1630240,0
2020,1630241,0
2020,1630243,0
2020,1630253,0
2020,1630254,0
2020,1630255,0
2020,1630256,0
2020,1630257,0
2020,1630258,0
2020,1630259,0
2020,1630260,0
2020,1630261,0
2020,1630262,0
2020,1630263,0
2020,1630264,0
2020,1630267,0
2020,1630268,0
2020,1630269,0
2020,1630270,0
2020,1630271,0
2020,1630273,0
2020,1630278,0
2017,1962937827,0
